date,contract_preamble,expiry_date,mean,median,mode,skewness,kurtosis,variance
2024-12-20,KXGDPYEAR-25,2025-09-07,2.554761904761905,2.65,5,0.9221032132424537,-2.019348624862621,5.9800963718820865
2024-12-21,KXGDPYEAR-25,2025-09-07,2.4664283282260806,2.3,2.3,0.18040228824506388,-0.5269912515907822,1.390398308874052
2024-12-22,KXGDPYEAR-25,2025-09-07,2.47542694850202,2.3,2.3,0.18453988703853114,-0.6034296687720442,1.4339386808853627
2024-12-23,KXGDPYEAR-25,2025-09-07,2.47542694850202,2.3,2.3,0.18453988703853114,-0.6034296687720442,1.4339386808853627
2024-12-24,KXGDPYEAR-25,2025-09-07,2.47542694850202,2.3,2.3,0.18453988703853114,-0.6034296687720442,1.4339386808853627
2024-12-25,KXGDPYEAR-25,2025-09-07,2.47542694850202,2.3,2.3,0.18453988703853114,-0.6034296687720442,1.4339386808853627
2024-12-26,KXGDPYEAR-25,2025-09-07,2.47542694850202,2.3,2.3,0.18453988703853114,-0.6034296687720442,1.4339386808853627
2024-12-27,KXGDPYEAR-25,2025-09-07,2.47542694850202,2.3,2.3,0.18453988703853114,-0.6034296687720442,1.4339386808853627
2024-12-28,KXGDPYEAR-25,2025-09-07,2.160497030916096,2.3,2.3,-0.1289027289434537,-0.757484984092669,1.7479057256536996
2024-12-29,KXGDPYEAR-25,2025-09-07,2.165674949993693,2.3,2.3,-0.12890272894345364,-0.6771967225629654,1.683724391270034
2024-12-30,KXGDPYEAR-25,2025-09-07,2.165674949993693,2.3,2.3,-0.12890272894345364,-0.6771967225629654,1.683724391270034
2024-12-31,KXGDPYEAR-25,2025-09-07,2.1699251461763533,2.3,2.3,-0.11844974691178586,-0.8148638058394861,1.791359543063901
2025-01-01,KXGDPYEAR-25,2025-09-07,2.2930089690457938,2.3,2.3,-0.0056750303890650885,-1.00572433288432,2.219406511688629
2025-01-02,KXGDPYEAR-25,2025-09-07,2.293062926416361,2.3,2.3,-0.005675030389065123,-0.9902366423638624,2.202277318070664
2025-01-03,KXGDPYEAR-25,2025-09-07,2.293062926416361,2.3,2.3,-0.005675030389065123,-0.9902366423638624,2.202277318070664
2025-01-04,KXGDPYEAR-25,2025-09-07,2.249938051249122,2.3,2.3,-0.04032021058663852,-1.0119189438410277,2.2516870591422835
2025-01-05,KXGDPYEAR-25,2025-09-07,2.36819290979621,2.3,2.3,0.05744962523382558,-0.9409511080889912,2.1145862387456837
2025-01-06,KXGDPYEAR-25,2025-09-07,2.2768460943546334,2.3,2.3,-0.019000258587277028,-0.9865523377193197,2.2116592422339174
2025-01-07,KXGDPYEAR-25,2025-09-07,2.2768460943546334,2.3,2.3,-0.019000258587277028,-0.9865523377193197,2.2116592422339174
2025-01-08,KXGDPYEAR-25,2025-09-07,2.2768460943546334,2.3,2.3,-0.019000258587277028,-0.9865523377193197,2.2116592422339174
2025-01-09,KXGDPYEAR-25,2025-09-07,2.2768460943546334,2.3,2.3,-0.019000258587277028,-0.9865523377193197,2.2116592422339174
2025-01-10,KXGDPYEAR-25,2025-09-07,2.177125112316467,2.3,0.1,-0.10142236516823606,-0.9077881472026679,2.1696629773553817
2025-01-11,KXGDPYEAR-25,2025-09-07,2.177125112316467,2.3,0.1,-0.10142236516823606,-0.9077881472026679,2.1696629773553817
2025-01-12,KXGDPYEAR-25,2025-09-07,2.154049703905876,2.3,0.1,-0.12169124652042279,-0.8940565051914335,2.121727281804116
2025-01-13,KXGDPYEAR-25,2025-09-07,2.154049703905876,2.3,0.1,-0.12169124652042279,-0.8940565051914335,2.121727281804116
2025-01-14,KXGDPYEAR-25,2025-09-07,2.154049703905876,2.3,0.1,-0.12169124652042279,-0.8940565051914335,2.121727281804116
2025-01-15,KXGDPYEAR-25,2025-09-07,2.154049703905876,2.3,0.1,-0.12169124652042279,-0.8940565051914335,2.121727281804116
2025-01-16,KXGDPYEAR-25,2025-09-07,2.2330116140105742,2.3,0.1,-0.05442597770117425,-0.971757122356876,2.228747178007699
2025-01-17,KXGDPYEAR-25,2025-09-07,2.2421584503758116,2.3,0.1,-0.047163516215728604,-0.965428526132579,2.21928961931428
2025-01-18,KXGDPYEAR-25,2025-09-07,2.231398751499103,2.3,0.1,-0.055167901133135785,-0.9838831445877214,2.239235652176219
2025-01-19,KXGDPYEAR-25,2025-09-07,2.1859928974099936,2.3,0.1,-0.09347815018967716,-0.958734385969064,2.148187362838155
2025-01-20,KXGDPYEAR-25,2025-09-07,2.0641891487391306,2.3,2.8,-0.21321908255474475,-0.6101547106044656,1.8062902688254283
2025-01-21,KXGDPYEAR-25,2025-09-07,2.0607766279308386,2.3,2.3,-0.21481458565630224,-0.6065371300341913,1.8244462600481073
2025-01-22,KXGDPYEAR-25,2025-09-07,2.0597275968833952,2.3,2.8,-0.22362332260769663,-0.5905347960988179,1.7079354678586316
2025-01-23,KXGDPYEAR-25,2025-09-07,2.046077236782119,2.3,2.8,-0.2346158956188692,-0.6031004582633219,1.7226036051630904
2025-01-24,KXGDPYEAR-25,2025-09-07,2.05368187464381,2.3,2.3,-0.23461589561886925,-0.54097536292119,1.6728871542340997
2025-01-25,KXGDPYEAR-25,2025-09-07,2.0513736706685575,2.3,2.3,-0.23794839323537048,-0.5182069961452695,1.6582460883136365
2025-01-26,KXGDPYEAR-25,2025-09-07,2.0773901442049065,2.3,2.3,-0.21167746314635286,-0.5865021121140894,1.6783905469734595
2025-01-27,KXGDPYEAR-25,2025-09-07,2.0773901442049065,2.3,2.3,-0.21167746314635286,-0.5865021121140894,1.6783905469734595
2025-01-28,KXGDPYEAR-25,2025-09-07,2.0773901442049065,2.3,2.3,-0.21167746314635286,-0.5865021121140894,1.6783905469734595
2025-01-29,KXGDPYEAR-25,2025-09-07,2.0773901442049065,2.3,2.3,-0.21167746314635286,-0.5865021121140894,1.6783905469734595
2025-01-30,KXGDPYEAR-25,2025-09-07,2.1002422367499416,2.3,2.8,-0.18540490024785652,-0.6000675868018073,1.7506452250010205
2025-01-31,KXGDPYEAR-25,2025-09-07,2.1082878282986797,2.3,2.8,-0.18424916759535015,-0.4949540300852546,1.6791168932222853
2025-02-01,KXGDPYEAR-25,2025-09-07,2.0401381114757138,2.3,2.8,-0.24755350187762604,-0.5415015161263366,1.6631898531096807
2025-02-02,KXGDPYEAR-25,2025-09-07,2.0398600645845333,2.3,2.8,-0.25513805587626837,-0.5129046647252142,1.6223860690331828
2025-02-03,KXGDPYEAR-25,2025-09-07,2.0301352001929027,2.3,2.8,-0.25970740249959595,-0.5493081021572372,1.6525906420145566
2025-02-04,KXGDPYEAR-25,2025-09-07,2.0301352001929027,2.3,2.8,-0.25970740249959595,-0.5493081021572372,1.6525906420145566
2025-02-05,KXGDPYEAR-25,2025-09-07,2.030662616364003,2.3,2.8,-0.26206249910319096,-0.5218711664698197,1.6343356289311106
2025-02-06,KXGDPYEAR-25,2025-09-07,2.073067372177209,2.3,2.8,-0.2242702243513287,-0.5352988494308089,1.6016500080461984
2025-02-07,KXGDPYEAR-25,2025-09-07,2.073067372177209,2.3,2.8,-0.2242702243513287,-0.5352988494308089,1.6016500080461984
2025-02-08,KXGDPYEAR-25,2025-09-07,2.073067372177209,2.3,2.8,-0.2242702243513287,-0.5352988494308089,1.6016500080461984
2025-02-09,KXGDPYEAR-25,2025-09-07,2.073067372177209,2.3,2.8,-0.2242702243513287,-0.5352988494308089,1.6016500080461984
2025-02-10,KXGDPYEAR-25,2025-09-07,2.027527350892976,2.3,2.8,-0.2623118852881288,-0.5438952942361865,1.651102699890817
2025-02-11,KXGDPYEAR-25,2025-09-07,2.027527350892976,2.3,2.8,-0.2623118852881288,-0.5438952942361865,1.651102699890817
2025-02-12,KXGDPYEAR-25,2025-09-07,2.027527350892976,2.3,2.8,-0.2623118852881288,-0.5438952942361865,1.651102699890817
2025-02-13,KXGDPYEAR-25,2025-09-07,2.027527350892976,2.3,2.8,-0.2623118852881288,-0.5438952942361865,1.651102699890817
2025-02-14,KXGDPYEAR-25,2025-09-07,2.027527350892976,2.3,2.8,-0.2623118852881288,-0.5438952942361865,1.651102699890817
2025-02-15,KXGDPYEAR-25,2025-09-07,2.0251702527485405,2.3,1.8,-0.2660103514089434,-0.518442171958367,1.6345286426560757
2025-02-16,KXGDPYEAR-25,2025-09-07,2.0637924151696603,2.3,1.8,-0.23373493975903595,-0.4631657981477688,1.5969205477269015
2025-02-17,KXGDPYEAR-25,2025-09-07,2.0452289691345573,2.3,1.8,-0.2534162737032203,-0.4137397236060796,1.5814201462820319
2025-02-18,KXGDPYEAR-25,2025-09-07,2.0581577939486784,2.3,2.3,-0.25341627370322084,-0.2942132734515943,1.5042948062002652
2025-02-19,KXGDPYEAR-25,2025-09-07,2.0581577939486784,2.3,2.3,-0.25341627370322084,-0.2942132734515943,1.5042948062002652
2025-02-20,KXGDPYEAR-25,2025-09-07,2.075658767772512,2.3,2.8,-0.23373493975903625,-0.32580666818531245,1.5042871252667283
2025-02-21,KXGDPYEAR-25,2025-09-07,2.105723682405438,2.3,2.8,-0.2011456334572966,-0.39282136431860293,1.5186776673871327
2025-02-22,KXGDPYEAR-25,2025-09-07,2.1313166268130828,2.3,2.3,-0.17471235324475673,-0.44340845724534583,1.5053799086406319
2025-02-23,KXGDPYEAR-25,2025-09-07,2.1313166268130828,2.3,2.3,-0.17471235324475673,-0.44340845724534583,1.5053799086406319
2025-02-24,KXGDPYEAR-25,2025-09-07,2.1313166268130828,2.3,2.3,-0.17471235324475673,-0.44340845724534583,1.5053799086406319
2025-02-25,KXGDPYEAR-25,2025-09-07,2.1313166268130828,2.3,2.3,-0.17471235324475673,-0.44340845724534583,1.5053799086406319
2025-02-26,KXGDPYEAR-25,2025-09-07,2.1313166268130828,2.3,2.3,-0.17471235324475673,-0.44340845724534583,1.5053799086406319
2025-02-27,KXGDPYEAR-25,2025-09-07,2.1313166268130828,2.3,2.3,-0.17471235324475673,-0.44340845724534583,1.5053799086406319
2025-02-28,KXGDPYEAR-25,2025-09-07,1.968044889784939,1.8,2.3,0.15984116056770398,-0.6212372717264913,1.640062500753896
2025-03-01,KXGDPYEAR-25,2025-09-07,1.9275188326395938,1.8,2.3,0.12049078573776303,-0.6275117039017508,1.682239919897629
2025-03-02,KXGDPYEAR-25,2025-09-07,1.9275188326395938,1.8,2.3,0.12049078573776303,-0.6275117039017508,1.682239919897629
2025-03-03,KXGDPYEAR-25,2025-09-07,1.931006804908149,1.8,2.3,0.12049078573776344,-0.692636043114748,1.7277966159620428
2025-03-04,KXGDPYEAR-25,2025-09-07,1.8450192653049546,1.8,0.1,0.04051232776098113,-0.726766102929536,1.774660855687055
2025-03-05,KXGDPYEAR-25,2025-09-07,1.7802582531599498,1.8,0.1,-0.017864286182441288,-0.6507613705856485,1.7463730657657925
2025-03-06,KXGDPYEAR-25,2025-09-07,1.720808367768595,1.3,0.1,0.3748340775401377,-0.6380167231338789,1.7813906172027076
2025-03-07,KXGDPYEAR-25,2025-09-07,1.6922884551135409,1.3,0.1,0.3642061297060365,-0.38640535921516506,1.71493974368095
2025-03-08,KXGDPYEAR-25,2025-09-07,1.6549443211141592,1.3,0.1,0.33531576645771105,-0.3061411674595935,1.6681695908776453
2025-03-09,KXGDPYEAR-25,2025-09-07,1.6834364805691566,1.3,0.1,0.36312149471894134,-0.30520185770730324,1.6536209188613693
2025-03-10,KXGDPYEAR-25,2025-09-07,1.6834364805691566,1.3,0.1,0.36312149471894134,-0.30520185770730324,1.6536209188613693
2025-03-11,KXGDPYEAR-25,2025-09-07,1.6913287938346386,1.3,0.1,0.36949734707598275,-0.3260058445763092,1.6506824516168337
2025-03-12,KXGDPYEAR-25,2025-09-07,1.6490534147982585,1.3,0.1,0.3284195503487719,-0.3279997793329441,1.672317098407693
2025-03-13,KXGDPYEAR-25,2025-09-07,1.6385016618646153,1.3,0.1,0.3203670432252463,-0.28330436801686787,1.6866505119444144
2025-03-14,KXGDPYEAR-25,2025-09-07,1.5759741793446207,1.3,0.1,0.2718396564718546,-0.0014443217412156706,1.5994269135583687
2025-03-15,KXGDPYEAR-25,2025-09-07,1.6099713681065602,1.3,0.1,0.3016280647349547,-0.12124731582154835,1.5768344694901857
2025-03-16,KXGDPYEAR-25,2025-09-07,1.6099713681065602,1.3,0.1,0.3016280647349547,-0.12124731582154835,1.5768344694901857
2025-03-17,KXGDPYEAR-25,2025-09-07,1.6629249436271885,1.3,1.3,0.35524556668264295,-0.1099586560491046,1.5493704203302479
2025-03-18,KXGDPYEAR-25,2025-09-07,1.634970229966679,1.3,1.8,0.3364164513421439,0.06189964095993439,1.518248323525172
2025-03-19,KXGDPYEAR-25,2025-09-07,1.631274758725553,1.3,1.8,0.33641645134214376,0.09985726897470837,1.5027228632871479
2025-03-20,KXGDPYEAR-25,2025-09-07,1.6636804117600514,1.3,1.8,0.3637394575172065,-0.016091315903988157,1.5504289266377436
2025-03-21,KXGDPYEAR-25,2025-09-07,1.6280373831775707,1.3,0.1,0.32172318973418873,-0.08126203406948695,1.5995877369202551
2025-03-22,KXGDPYEAR-25,2025-09-07,1.6524901630129292,1.8,0.1,-0.14237350665697274,-0.0520664207547763,1.6160519778402773
2025-03-23,KXGDPYEAR-25,2025-09-07,1.6524901630129292,1.8,0.1,-0.14237350665697274,-0.0520664207547763,1.6160519778402773
2025-03-24,KXGDPYEAR-25,2025-09-07,1.6203567103379941,1.3,0.1,0.30723260479358033,-0.05666484593865606,1.6314572326608507
2025-03-25,KXGDPYEAR-25,2025-09-07,1.5805979711692468,1.3,0.1,0.26943504562698667,-0.03230108206185722,1.633245558073833
2025-03-26,KXGDPYEAR-25,2025-09-07,1.5805979711692468,1.3,0.1,0.26943504562698667,-0.03230108206185722,1.633245558073833
2025-03-27,KXGDPYEAR-25,2025-09-07,1.5805979711692468,1.3,0.1,0.26943504562698667,-0.03230108206185722,1.633245558073833
2025-03-28,KXGDPYEAR-25,2025-09-07,1.5618189142914694,1.3,0.1,0.26577516051200206,0.18304934051084132,1.539653091993946
2025-03-29,KXGDPYEAR-25,2025-09-07,1.5618189142914694,1.3,0.1,0.26577516051200206,0.18304934051084132,1.539653091993946
2025-03-30,KXGDPYEAR-25,2025-09-07,1.5757905439755973,1.3,1.3,0.28054279922220854,0.18305696741389355,1.5337494385887736
2025-03-31,KXGDPYEAR-25,2025-09-07,1.5757905439755973,1.3,1.3,0.28054279922220854,0.18305696741389355,1.5337494385887736
2025-04-01,KXGDPYEAR-25,2025-09-07,1.5594897776316243,1.3,0.1,0.26302830727760496,0.1753153568627157,1.5339573926327332
2025-04-02,KXGDPYEAR-25,2025-09-07,1.5156168098072214,1.3,0.1,0.21842118168064556,0.23584751676899618,1.5518824425046416
2025-04-03,KXGDPYEAR-25,2025-09-07,1.4192926484322745,1.3,0.1,0.12063318168724124,0.349197289231272,1.5437168164088133
2025-04-04,KXGDPYEAR-25,2025-09-07,1.2178131820910936,0.8,0.1,0.4403015059882153,1.058307826532868,1.5863959921257385
2025-04-05,KXGDPYEAR-25,2025-09-07,1.1770652694123165,0.8,0.1,0.4013877874919827,1.1715534673588603,1.5715825573853563
2025-04-06,KXGDPYEAR-25,2025-09-07,1.1775426269918297,0.8,0.1,0.40067730174235533,1.1397903461898578,1.565221968287291
2025-04-07,KXGDPYEAR-25,2025-09-07,1.116310479350702,0.8,0.1,0.3312272147583566,1.2001193848343972,1.588620206548629
2025-04-08,KXGDPYEAR-25,2025-09-07,1.13062536294279,0.8,0.1,0.3467083276899864,1.1897490041203076,1.5807530501194513
2025-04-09,KXGDPYEAR-25,2025-09-07,1.0710710373091674,0.8,0.1,0.3083052430249288,1.1150785098883453,1.317688518188999
2025-04-10,KXGDPYEAR-25,2025-09-07,1.0660563123164493,0.8,0.1,0.30372465813823196,1.1652293705764043,1.312815197485441
2025-04-11,KXGDPYEAR-25,2025-09-07,1.0323126571758534,0.8,0.1,0.26576678359713674,1.258382722835365,1.3033820258953777
2025-04-12,KXGDPYEAR-25,2025-09-07,1.063621518043402,0.8,0.1,0.29958025425028767,1.153018880620067,1.316982221276546
2025-04-13,KXGDPYEAR-25,2025-09-07,1.063621518043402,0.8,0.1,0.29958025425028767,1.153018880620067,1.316982221276546
2025-04-14,KXGDPYEAR-25,2025-09-07,1.0314947086584818,0.8,0.1,0.26487733704319516,1.2612912690221192,1.303000440748376
2025-04-15,KXGDPYEAR-25,2025-09-07,1.0327075592414026,0.3,0.1,0.8271018323645842,1.1648169588015627,1.3328684771706043
2025-04-16,KXGDPYEAR-25,2025-09-07,1.045608604584563,0.8,0.1,0.27283639323144226,1.075861090104011,1.36094303912557
2025-04-17,KXGDPYEAR-25,2025-09-07,1.070326396744753,0.8,0.1,0.2978216435488868,0.9824985601413045,1.3562211296090947
2025-04-18,KXGDPYEAR-25,2025-09-07,1.0704346273233765,0.8,0.1,0.296113764676233,0.9580545026144867,1.3636902480844881
2025-04-19,KXGDPYEAR-25,2025-09-07,1.0704346273233765,0.8,0.1,0.296113764676233,0.9580545026144867,1.3636902480844881
2025-04-20,KXGDPYEAR-25,2025-09-07,1.0630715602510965,0.8,0.1,0.2995766447040844,1.1506874299365153,1.3077052747997102
2025-04-21,KXGDPYEAR-25,2025-09-07,1.0630715602510965,0.8,0.1,0.2995766447040844,1.1506874299365153,1.3077052747997102
2025-04-22,KXGDPYEAR-25,2025-09-07,1.0749299704376911,0.8,0.1,0.3114893320592483,1.0805301049669263,1.315177036942128
2025-04-23,KXGDPYEAR-25,2025-09-07,1.0569727547931385,0.8,0.1,0.29409862570735656,1.1741585905800926,1.2982939639398385
2025-04-24,KXGDPYEAR-25,2025-09-07,1.0569727547931385,0.8,0.1,0.29409862570735656,1.1741585905800926,1.2982939639398385
2025-04-25,KXGDPYEAR-25,2025-09-07,1.0569727547931385,0.8,0.1,0.29409862570735656,1.1741585905800926,1.2982939639398385
2025-04-26,KXGDPYEAR-25,2025-09-07,1.0569727547931385,0.8,0.1,0.29409862570735656,1.1741585905800926,1.2982939639398385
2025-04-27,KXGDPYEAR-25,2025-09-07,1.0569727547931385,0.8,0.1,0.29409862570735656,1.1741585905800926,1.2982939639398385
2025-04-28,KXGDPYEAR-25,2025-09-07,1.0487394957983194,0.8,0.1,0.28516377649325625,1.2008767735127153,1.2949353859190733
2025-04-29,KXGDPYEAR-25,2025-09-07,1.083209743298691,0.8,0.1,0.3223685255651943,1.0941151569076482,1.3080923743499362
2025-04-30,KXGDPYEAR-25,2025-09-07,1.0421304347826088,0.8,0.1,0.2812427404122944,1.3090644898028687,1.259719809073724
2025-05-01,KXGDPYEAR-25,2025-09-07,1.0395161290322579,0.8,0.1,0.27835051546391737,1.3176733452447431,1.2586804110301764
2025-05-02,KXGDPYEAR-25,2025-09-07,1.0792108476319,0.8,0.1,0.3170183579955054,1.01539381653732,1.2832096079435074
2025-05-03,KXGDPYEAR-25,2025-09-07,1.0792108476319,0.8,0.1,0.3170183579955054,1.01539381653732,1.2832096079435074
2025-05-04,KXGDPYEAR-25,2025-09-07,1.0792108476319,0.8,0.1,0.3170183579955054,1.01539381653732,1.2832096079435074
2025-05-05,KXGDPYEAR-25,2025-09-07,1.1074380165289255,0.8,0.1,0.34701492537313416,0.9407127515060747,1.2917628577282971
2025-05-06,KXGDPYEAR-25,2025-09-07,1.1074380165289255,0.8,0.1,0.34701492537313416,0.9407127515060747,1.2917628577282971
2025-05-07,KXGDPYEAR-25,2025-09-07,1.0752000000000002,0.8,0.1,0.3127272727272726,1.0266884129915619,1.28186496
2025-05-08,KXGDPYEAR-25,2025-09-07,1.1158333333333335,0.8,0.1,0.355868544600939,0.9200769397948498,1.2939993055555554
2025-05-09,KXGDPYEAR-25,2025-09-07,1.077996976861362,0.8,0.1,0.31572043559789065,1.0187937528595397,1.2828060495238243
2025-05-10,KXGDPYEAR-25,2025-09-07,1.0910569105691055,0.8,0.1,0.3296500920810315,0.9830396730286974,1.2869931918831383
2025-05-11,KXGDPYEAR-25,2025-09-07,1.0910569105691055,0.8,0.1,0.3296500920810315,0.9830396730286974,1.2869931918831383
2025-05-12,KXGDPYEAR-25,2025-09-07,1.1156292117760647,0.8,0.1,0.35565364672929506,0.9205703288444163,1.2939466011421534
2025-05-13,KXGDPYEAR-25,2025-09-07,1.2088036690335127,0.8,0.1,0.45169816118985323,0.7169540302734991,1.2824885775909878
2025-05-14,KXGDPYEAR-25,2025-09-07,1.2768448497343827,1.3,0.1,-0.024820911100854458,0.37897923880900386,1.3039442646124404
2025-05-15,KXGDPYEAR-25,2025-09-07,1.295211459458177,1.3,0.1,-0.005114024123986865,0.28681743397880677,1.3003906102088727
2025-05-16,KXGDPYEAR-25,2025-09-07,1.3173386802892086,1.3,0.1,0.018398510326217553,0.17426726491772326,1.3087907675126655
2025-05-17,KXGDPYEAR-25,2025-09-07,1.3584760341601654,1.3,0.1,0.06262891370448505,0.15681624106330005,1.301248174878945
2025-05-18,KXGDPYEAR-25,2025-09-07,1.3589050052075569,1.3,0.1,0.06320006177038308,0.16756422118460668,1.2959541671120531
2025-05-19,KXGDPYEAR-25,2025-09-07,1.3349630044570011,1.3,0.1,0.03745058907592707,0.19974245632919363,1.2914315343395923
2025-05-20,KXGDPYEAR-25,2025-09-07,1.3438420929638801,1.3,0.1,0.046840368919494516,0.16712644914465136,1.2965747179376552
2025-05-21,KXGDPYEAR-25,2025-09-07,1.3039467510644516,1.3,0.1,0.004178855406511679,0.18654977760315905,1.3030198822231593
2025-05-22,KXGDPYEAR-25,2025-09-07,1.3095449162282677,1.3,0.1,0.010118973666661132,0.18315494854784697,1.302307489825664
2025-05-23,KXGDPYEAR-25,2025-09-07,1.3095449162282677,1.3,0.1,0.010118973666661132,0.18315494854784697,1.302307489825664
2025-05-24,KXGDPYEAR-25,2025-09-07,1.3307470177045786,1.3,0.1,0.03251595891435137,0.11531168327957886,1.3132364064956459
2025-05-25,KXGDPYEAR-25,2025-09-07,1.321414578955875,1.3,0.1,0.022718714698129854,0.15767010854778274,1.3132725940851748
2025-05-26,KXGDPYEAR-25,2025-09-07,1.3047072330654421,1.3,0.1,0.005057357838904469,0.26133459764750233,1.2828595870774187
2025-05-27,KXGDPYEAR-25,2025-09-07,1.327919911012236,1.3,0.1,0.03017915113622685,0.209026896470891,1.2616120247314715
2025-05-28,KXGDPYEAR-25,2025-09-07,1.3125423728813563,1.3,0.1,0.013574660633484307,0.27095295804050634,1.2663850617638608
2025-05-29,KXGDPYEAR-25,2025-09-07,1.3123908120349395,1.3,0.1,0.01333704774175497,0.2568188575487249,1.2817261183756257
2025-05-30,KXGDPYEAR-25,2025-09-07,1.346105847307778,1.3,0.1,0.04857417315859153,0.1112752897914584,1.3158023747214882
2025-05-31,KXGDPYEAR-25,2025-09-07,1.3337934885309333,1.3,0.1,0.03566148362471692,0.16563157174031318,1.3217308832266665
2025-06-01,KXGDPYEAR-25,2025-09-07,1.3818839088432906,1.3,0.1,0.08673138144000128,0.12655812823971324,1.3300807013813332
2025-06-02,KXGDPYEAR-25,2025-09-07,1.3515911733556334,1.3,0.1,0.05601713587143401,0.2528599275851846,1.2905611669416968
2025-06-03,KXGDPYEAR-25,2025-09-07,1.3515911733556334,1.3,0.1,0.05601713587143401,0.2528599275851846,1.2905611669416968
2025-06-04,KXGDPYEAR-25,2025-09-07,1.385040625353816,1.3,0.1,0.09308988263154763,0.2449772200026028,1.2820682084120154
2025-06-05,KXGDPYEAR-25,2025-09-07,1.385040625353816,1.3,0.1,0.09308988263154763,0.2449772200026028,1.2820682084120154
2025-06-06,KXGDPYEAR-25,2025-09-07,1.385040625353816,1.3,0.1,0.09308988263154763,0.2449772200026028,1.2820682084120154
2025-06-07,KXGDPYEAR-25,2025-09-07,1.385040625353816,1.3,0.1,0.09308988263154763,0.2449772200026028,1.2820682084120154
2025-06-08,KXGDPYEAR-25,2025-09-07,1.385040625353816,1.3,0.1,0.09308988263154763,0.2449772200026028,1.2820682084120154
2025-06-09,KXGDPYEAR-25,2025-09-07,1.385040625353816,1.3,0.1,0.09308988263154763,0.2449772200026028,1.2820682084120154
2025-06-10,KXGDPYEAR-25,2025-09-07,1.3503028165348456,1.3,0.1,0.05627823458708362,0.49162784943305615,1.2375970161374423
2025-06-11,KXGDPYEAR-25,2025-09-07,1.2754532059296302,1.3,0.1,-0.02777356774780254,0.9136848256556838,1.2352375602768264
2025-06-12,KXGDPYEAR-25,2025-09-07,1.2754532059296302,1.3,0.1,-0.02777356774780254,0.9136848256556838,1.2352375602768264
2025-06-13,KXGDPYEAR-25,2025-09-07,1.2754532059296302,1.3,0.1,-0.02777356774780254,0.9136848256556838,1.2352375602768264
2025-06-14,KXGDPYEAR-25,2025-09-07,1.2754532059296302,1.3,0.1,-0.02777356774780254,0.9136848256556838,1.2352375602768264
2025-06-15,KXGDPYEAR-25,2025-09-07,1.2754532059296302,1.3,0.1,-0.02777356774780254,0.9136848256556838,1.2352375602768264
2025-06-16,KXGDPYEAR-25,2025-09-07,1.2754532059296302,1.3,0.1,-0.02777356774780254,0.9136848256556838,1.2352375602768264
2025-06-17,KXGDPYEAR-25,2025-09-07,1.273985268766651,1.3,0.1,-0.029398742583901995,0.9130014795016153,1.237922199438217
2025-06-18,KXGDPYEAR-25,2025-09-07,1.3096232262273688,1.3,0.1,0.010882597067232196,0.8536143748371039,1.244973451256334
2025-06-19,KXGDPYEAR-25,2025-09-07,1.3665771600063181,1.3,1.8,0.07756716967243307,0.8669614120944074,1.1884674975607858
2025-06-20,KXGDPYEAR-25,2025-09-07,1.3665771600063181,1.3,1.8,0.07756716967243307,0.8669614120944074,1.1884674975607858
2025-06-21,KXGDPYEAR-25,2025-09-07,1.3699626865671644,1.3,0.1,0.07903055848261316,0.5589770204485545,1.2235567150256184
2025-06-22,KXGDPYEAR-25,2025-09-07,1.3699626865671644,1.3,0.1,0.07903055848261316,0.5589770204485545,1.2235567150256184
2025-06-23,KXGDPYEAR-25,2025-09-07,1.3699626865671644,1.3,0.1,0.07903055848261316,0.5589770204485545,1.2235567150256184
2025-06-24,KXGDPYEAR-25,2025-09-07,1.3771262165683191,1.3,0.1,0.08587978093581809,0.5034286912606145,1.269324594460978
2025-06-25,KXGDPYEAR-25,2025-09-07,1.4462814121122802,1.3,0.1,0.16014128733803187,0.18389859771680772,1.2743317218879424
2025-06-26,KXGDPYEAR-25,2025-09-07,1.358198718761907,1.3,0.1,0.06415413486880404,0.49639383734203024,1.315657046096741
2025-06-27,KXGDPYEAR-25,2025-09-07,1.363593513233828,1.3,1.3,0.07481849967434258,0.8777827208442779,1.205374243983219
2025-06-28,KXGDPYEAR-25,2025-09-07,1.3823619113753414,1.3,1.3,0.09685416906006912,0.8333021885986804,1.2101043194093999
2025-06-29,KXGDPYEAR-25,2025-09-07,1.4226255613081897,1.3,1.3,0.14608843992783402,0.8524647881755123,1.1948454900235552
2025-06-30,KXGDPYEAR-25,2025-09-07,1.4226255613081897,1.3,1.3,0.14608843992783402,0.8524647881755123,1.1948454900235552
2025-07-01,KXGDPYEAR-25,2025-09-07,1.384026892452935,1.3,1.3,0.10184834439840762,1.0765776385672456,1.1776053021265582
2025-07-02,KXGDPYEAR-25,2025-09-07,1.395624750747812,1.3,1.3,0.11616962434176062,1.0675913355504454,1.1774974426690017
2025-07-03,KXGDPYEAR-25,2025-09-07,1.443460985553592,1.3,1.3,0.17150456994899796,0.754759231094186,1.2106346068572729
2025-07-04,KXGDPYEAR-25,2025-09-07,1.443460985553592,1.3,1.3,0.17150456994899796,0.754759231094186,1.2106346068572729
2025-07-05,KXGDPYEAR-25,2025-09-07,1.48458087223539,1.3,1.3,0.21377504812514633,0.41291175825739224,1.2361852640870095
2025-07-06,KXGDPYEAR-25,2025-09-07,1.48458087223539,1.3,1.3,0.21377504812514633,0.41291175825739224,1.2361852640870095
2025-07-07,KXGDPYEAR-25,2025-09-07,1.48458087223539,1.3,1.3,0.21377504812514633,0.41291175825739224,1.2361852640870095
2025-07-08,KXGDPYEAR-25,2025-09-07,1.48458087223539,1.3,1.3,0.21377504812514633,0.41291175825739224,1.2361852640870095
2025-07-09,KXGDPYEAR-25,2025-09-07,1.48458087223539,1.3,1.3,0.21377504812514633,0.41291175825739224,1.2361852640870095
2025-07-10,KXGDPYEAR-25,2025-09-07,1.505980945659844,1.3,1.3,0.23790117167600588,0.36008948059811585,1.219560205706092
2025-07-11,KXGDPYEAR-25,2025-09-07,1.491896206966037,1.3,1.3,0.21924576820495323,0.32863391883332493,1.230458098941327
2025-07-12,KXGDPYEAR-25,2025-09-07,1.491896206966037,1.3,1.3,0.21924576820495323,0.32863391883332493,1.230458098941327
2025-07-13,KXGDPYEAR-25,2025-09-07,1.491896206966037,1.3,1.3,0.21924576820495323,0.32863391883332493,1.230458098941327
2025-07-14,KXGDPYEAR-25,2025-09-07,1.491896206966037,1.3,1.3,0.21924576820495323,0.32863391883332493,1.230458098941327
2025-07-15,KXGDPYEAR-25,2025-09-07,1.491896206966037,1.3,1.3,0.21924576820495323,0.32863391883332493,1.230458098941327
2025-07-16,KXGDPYEAR-25,2025-09-07,1.4926948468404742,1.3,1.8,0.23031253064337112,0.6732893447091701,1.1560615389609503
2025-07-17,KXGDPYEAR-25,2025-09-07,1.4908226399651514,1.3,1.8,0.23117650616759874,0.759782247180266,1.130526792802705
2025-07-18,KXGDPYEAR-25,2025-09-07,1.4904143991373786,1.3,1.8,0.23555808404123932,0.8520781325069975,1.10231691204253
2025-07-19,KXGDPYEAR-25,2025-09-07,1.510648052440404,1.3,1.8,0.264231474968871,0.9348344370213888,1.0695913241639698
2025-07-20,KXGDPYEAR-25,2025-09-07,1.5087545513834704,1.3,1.8,0.26423147496887106,0.9734364868075409,1.0603721172559617
2025-07-21,KXGDPYEAR-25,2025-09-07,1.460096057690738,1.3,1.8,0.20360803153486118,1.2422770673912211,1.0618185448036717
2025-07-22,KXGDPYEAR-25,2025-09-07,1.460096057690738,1.3,1.8,0.20360803153486118,1.2422770673912211,1.0618185448036717
2025-07-23,KXGDPYEAR-25,2025-09-07,1.4847241238328868,1.3,1.8,0.24505623862621911,1.4616002757722697,1.0083673711701848
2025-07-24,KXGDPYEAR-25,2025-09-07,1.5111255101207586,1.3,1.8,0.27462362374047117,1.2188248855650015,1.0221545984317661
2025-07-25,KXGDPYEAR-25,2025-09-07,1.5002721807286925,1.3,1.8,0.2629762782211584,1.2928745371015022,0.9969041132241157
2025-07-26,KXGDPYEAR-25,2025-09-07,1.5002721807286925,1.3,1.8,0.2629762782211584,1.2928745371015022,0.9969041132241157
2025-07-27,KXGDPYEAR-25,2025-09-07,1.5002721807286925,1.3,1.8,0.2629762782211584,1.2928745371015022,0.9969041132241157
2025-07-28,KXGDPYEAR-25,2025-09-07,1.5326851597236224,1.3,1.8,0.29247044351527474,0.8585909587845086,1.0584791459396146
2025-07-29,KXGDPYEAR-25,2025-09-07,1.5451090668166927,1.3,1.8,0.31246386760823974,0.9755663085139843,1.0349019386479699
2025-07-30,KXGDPYEAR-25,2025-09-07,1.6332651379457288,1.8,1.8,-0.23883636113312873,1.7944542170538647,0.9143194622990977
2025-07-31,KXGDPYEAR-25,2025-09-07,1.542343080527867,1.3,1.3,0.35096095335752137,2.178158866326232,0.9259162734905639
2025-08-01,KXGDPYEAR-25,2025-09-07,1.5087570007815767,1.3,1.3,0.30102328565538744,2.1427086279547662,0.9433025078132187
2025-08-02,KXGDPYEAR-25,2025-09-07,1.5093942037029695,1.3,1.3,0.3020419017336578,2.1452895077222722,0.942831108251698
2025-08-03,KXGDPYEAR-25,2025-09-07,1.5233672533802545,1.3,1.8,0.3186671622980329,2.1304038839817414,0.9322999832721011
2025-08-04,KXGDPYEAR-25,2025-09-07,1.536076681848727,1.3,1.8,0.34129419289027757,2.2794808632385335,0.8928213357162501
2025-08-05,KXGDPYEAR-25,2025-09-07,1.550180015456825,1.8,1.8,-0.3642429972296723,2.354702519109879,0.881137128062664
2025-08-06,KXGDPYEAR-25,2025-09-07,1.5477022653721686,1.3,1.8,0.35973414872852605,2.320869316837305,0.8892512404993417
2025-08-07,KXGDPYEAR-25,2025-09-07,1.5850955562461162,1.8,1.8,-0.32356261002298403,2.4918221105888625,0.863876288258687
2025-08-08,KXGDPYEAR-25,2025-09-07,1.5850955562461162,1.8,1.8,-0.32356261002298403,2.4918221105888625,0.863876288258687
2025-08-09,KXGDPYEAR-25,2025-09-07,1.5850955562461162,1.8,1.8,-0.32356261002298403,2.4918221105888625,0.863876288258687
2025-08-10,KXGDPYEAR-25,2025-09-07,1.5850955562461162,1.8,1.8,-0.32356261002298403,2.4918221105888625,0.863876288258687
2025-08-11,KXGDPYEAR-25,2025-09-07,1.5850955562461162,1.8,1.8,-0.32356261002298403,2.4918221105888625,0.863876288258687
2025-08-12,KXGDPYEAR-25,2025-09-07,1.5850955562461162,1.8,1.8,-0.32356261002298403,2.4918221105888625,0.863876288258687
2025-08-13,KXGDPYEAR-25,2025-09-07,1.6571247315090925,1.8,1.8,-0.2013628153422164,1.4992561750405118,0.9377285999279497
2025-08-14,KXGDPYEAR-25,2025-09-07,1.6571247315090925,1.8,1.8,-0.2013628153422164,1.4992561750405118,0.9377285999279497
2025-08-15,KXGDPYEAR-25,2025-09-07,1.6526753629437982,1.8,1.8,-0.21518229938931788,1.724547897015249,0.8927508559446901
2025-08-16,KXGDPYEAR-25,2025-09-07,1.6072833548039769,1.3,1.8,0.44633705618347835,1.890768901711989,0.9239089593185842
2025-08-17,KXGDPYEAR-25,2025-09-07,1.6072833548039769,1.3,1.8,0.44633705618347835,1.890768901711989,0.9239089593185842
2025-08-18,KXGDPYEAR-25,2025-09-07,1.601247855836837,1.3,1.3,0.44633705618347885,1.9958862951853815,0.9075802038028241
2025-08-19,KXGDPYEAR-25,2025-09-07,1.621450095206404,1.8,1.8,-0.26890833511987444,2.181636221029345,0.8691235733742261
2025-08-20,KXGDPYEAR-25,2025-09-07,1.621450095206404,1.8,1.8,-0.26890833511987444,2.181636221029345,0.8691235733742261
2025-08-21,KXGDPYEAR-25,2025-09-07,1.6097307150551,1.3,1.3,0.5015658250301226,2.7333662659443805,0.7865623684500728
2025-08-22,KXGDPYEAR-25,2025-09-07,1.6097307150551,1.3,1.3,0.5015658250301226,2.7333662659443805,0.7865623684500728
2025-08-23,KXGDPYEAR-25,2025-09-07,1.5939822522785396,1.3,1.3,0.4797446620188955,2.8715991427058443,0.7918667749892526
2025-08-24,KXGDPYEAR-25,2025-09-07,1.5823507549794402,1.3,1.3,0.46182217067856945,2.8780423960448553,0.7994625654850602
2025-08-25,KXGDPYEAR-25,2025-09-07,1.5823507549794402,1.3,1.3,0.46182217067856945,2.8780423960448553,0.7994625654850602
2025-08-26,KXGDPYEAR-25,2025-09-07,1.5823507549794402,1.3,1.3,0.46182217067856945,2.8780423960448553,0.7994625654850602
2025-08-27,KXGDPYEAR-25,2025-09-07,1.633452365231728,1.8,1.8,-0.2718343605055394,2.6727110639772116,0.7603730293954204
2025-08-28,KXGDPYEAR-25,2025-09-07,1.6664676624629315,1.8,1.3,-0.21742192384728556,2.8150921872149635,0.7536186009798159
2025-08-29,KXGDPYEAR-25,2025-09-07,1.6858271490699073,1.8,1.3,-0.19005282575479715,2.9819137098251254,0.7322315394107347
2025-08-30,KXGDPYEAR-25,2025-09-07,1.7431034482758623,1.8,1.8,-0.09999999999999973,2.786995134037989,0.7148662306777643
2025-08-31,KXGDPYEAR-25,2025-09-07,1.7245614035087724,1.8,1.8,-0.13437500000000002,3.070024089079708,0.7074669128962757
2025-09-01,KXGDPYEAR-25,2025-09-07,1.7290598290598291,1.8,1.8,-0.12259970457902505,2.658793314516985,0.731634158813646
2025-09-02,KXGDPYEAR-25,2025-09-07,1.7231433506044904,1.8,1.8,-0.13263785394932878,2.679971933996236,0.7358029000032811
2025-09-03,KXGDPYEAR-25,2025-09-07,1.760505017805115,1.8,1.8,-0.06531049250535412,2.3673367796786007,0.7856528365724259
2025-09-04,KXGDPYEAR-25,2025-09-07,1.760505017805115,1.8,1.8,-0.06531049250535412,2.3673367796786007,0.7856528365724259
2025-09-05,KXGDPYEAR-25,2025-09-07,1.760505017805115,1.8,1.8,-0.06531049250535412,2.3673367796786007,0.7856528365724259
2025-09-06,KXGDPYEAR-25,2025-09-07,1.7261819626539532,1.8,1.8,-0.12073820560585748,2.4463587532236923,0.8159414416611458
2025-09-07,KXGDPYEAR-25,2025-09-07,1.6899309342057438,1.8,1.3,-0.18286496497302454,2.9357712805768177,0.7606728778180658
